S.N,BUSINESS_DATE,SECURITY_ID,SYMBOL,SECURITY_NAME,OPEN_PRICE,HIGH_PRICE,LOW_PRICE,CLOSE_PRICE,TOTAL_TRADED_QUANTITY,TOTAL_TRADED_VALUE,PREVIOUS_DAY_CLOSE_PRICE,FIFTY_TWO_WEEKS_HIGH,FIFTY_TWO_WEEKS_LOW,LAST_UPDATED_TIME,LAST_UPDATED_PRICE,TOTAL_TRADES,AVERAGE_TRADED_PRICE,MARKET_CAPITALIZATION
1,2024-05-29,133,SCB,Standard Chartered Bank Limited,599.6000,611.0000,578.0000,,11624,6836060.9000,587.9000,612.0000,497.4000,2024-05-29T12:17:35.496453,586.0000,83,588.09,
2,2024-05-29,134,HBL,Himalayan Bank Limited,199.9000,211.0000,196.0000,,36938,7425661.7000,196.0000,240.0000,167.1000,2024-05-29T12:18:37.740364,204.5000,136,201.03,
3,2024-05-29,137,EBL,Everest Bank Limited,549.9000,549.9000,536.1000,,8166,4415100.1000,540.0000,633.0000,448.0000,2024-05-29T12:21:37.547510,538.6000,60,540.66,
4,2024-05-29,139,NICA,NIC Asia Bank Ltd.,435.0000,442.0000,426.1000,,33507,14497165.7000,428.0000,852.0000,341.6000,2024-05-29T12:21:43.233114,431.0000,217,432.66,
5,2024-05-29,140,MBL,Machhapuchhre Bank Limited,189.7000,190.0000,185.5000,,7694,1437980.2000,186.0000,283.0000,157.8000,2024-05-29T12:19:59.965609,187.0000,45,186.89,
6,2024-05-29,145,SBL,Siddhartha Bank Limited,271.2000,276.0000,261.0000,,18053,4767054.1000,265.9000,291.7000,212.2000,2024-05-29T12:21:41.649323,263.3000,74,264.05,
7,2024-05-29,147,SHL,Soaltee Hotel Limited,458.0000,459.0000,450.0000,,34529,15725607.6000,450.0000,536.0000,284.2000,2024-05-29T12:23:02.282394,459.0000,125,455.43,
8,2024-05-29,148,TRH,Taragaon Regency Hotel Limited,773.0000,819.0000,760.8000,,17382,13483958.9000,758.0000,979.2000,535.5000,2024-05-29T12:22:58.516426,773.1000,126,775.74,
9,2024-05-29,152,NHPC,National Hydro Power Company Limited,149.0000,154.8000,147.0000,,26139,3908597.0000,146.9000,238.5000,126.0000,2024-05-29T12:17:46.221690,149.9000,93,149.53,
10,2024-05-29,154,CHCL,Chilime Hydropower Company Limited,462.0000,462.0000,451.1000,,4287,1945491.5000,453.0000,594.0000,426.3000,2024-05-29T12:17:29.948736,453.1000,27,453.81,
11,2024-05-29,163,NUBL,Nirdhan Utthan Laghubitta Bittiya Sanstha Limited,683.0000,683.0000,665.0000,,6558,4403153.0000,670.0000,815.0000,544.4000,2024-05-29T12:05:23.823433,665.0000,26,671.41,
12,2024-05-29,164,CBBL,Chhimek Laghubitta Bittiya Sanstha Limited,875.5000,875.5000,854.0000,,2377,2039161.8000,858.4000,1052.5000,800.0000,2024-05-29T12:23:03.749853,856.1000,24,857.87,
13,2024-05-29,166,DDBL,Deprosc Laghubitta Bittiya Sanstha Limited,745.0000,745.0000,736.0000,,1245,919210.2000,743.0000,913.0000,650.0000,2024-05-29T12:22:02.802151,737.0000,21,738.32,
14,2024-05-29,171,SANIMA,Sanima Bank Limited,270.3000,270.4000,264.1000,,40060,10677496.5000,265.0000,310.0000,225.5000,2024-05-29T12:21:51.858234,265.0000,123,266.53,
15,2024-05-29,176,NICL,Nepal Insurance Co. Ltd.,865.1000,865.1000,851.4000,,2179,1862281.6000,848.2000,1023.0000,548.0000,2024-05-29T12:13:49.591819,853.0000,21,854.64,
16,2024-05-29,178,NLICL,National Life Insurance Co. Ltd.,565.0000,565.0000,559.0000,,531,298270.0000,560.1000,692.5000,521.3000,2024-05-29T12:21:20.583821,559.0000,8,561.71,
17,2024-05-29,185,SALICO,Sagarmatha Lumbini Insurance Co. Limited,715.0000,715.0000,692.0000,,1880,1319510.0000,704.0000,805.0000,594.1000,2024-05-29T12:06:32.108413,701.0000,13,701.86,
18,2024-05-29,186,IGI,IGI Prudential insurance Limited,553.3000,553.3000,543.0000,,5974,3261935.5000,542.5000,615.0000,373.0000,2024-05-29T12:10:32.004690,543.0000,35,546.02,
19,2024-05-29,188,LICN,Life Insurance Corporation (Nepal) Limited,1412.7000,1412.7000,1386.0000,,245,340515.0000,1385.0000,1800.0000,1239.7000,2024-05-29T12:07:04.133007,1399.9000,13,1389.85,
20,2024-05-29,192,SICL,Shikhar Insurance Co. Ltd.,713.0000,725.0000,713.0000,,1785,1286623.0000,718.0000,926.0000,669.4000,2024-05-29T12:13:45.609774,725.0000,24,720.79,
21,2024-05-29,204,GUFL,Gurkhas Finance Ltd.,685.0000,685.3000,670.0000,,5681,3836799.5000,672.0000,946.0000,470.1000,2024-05-29T12:22:06.936212,675.0000,68,675.37,
22,2024-05-29,210,CIT,Citizen Investment Trust,2175.0000,2175.0000,2160.0000,,2845,6168608.2000,2160.0000,2704.0000,1850.0000,2024-05-29T12:11:23.037383,2164.9000,56,2168.22,
23,2024-05-29,213,BNT,Bottlers Nepal (Terai) Limited,13000.0000,13500.0000,13000.0000,,405,5366418.5000,12761.1000,17508.0000,10500.0000,2024-05-29T12:20:06.295383,13500.0000,32,13250.41,
24,2024-05-29,235,HDL,Himalayan Distillery Limited,1355.0000,1355.0000,1325.0000,,10301,13688926.2000,1328.5000,2510.0000,1264.2000,2024-05-29T12:23:03.753519,1331.0000,229,1328.89,
25,2024-05-29,245,CFCL,Central Finance Co. Ltd.,394.7000,400.0000,387.1000,,12215,4802147.1000,387.0000,441.0000,282.0000,2024-05-29T12:21:30.991810,390.0000,38,393.13,
26,2024-05-29,263,GMFIL,Guheshowori Merchant Bank & Finance Co. Ltd.,402.9000,402.9000,387.1000,,701,272819.3000,395.0000,427.0000,281.0000,2024-05-29T12:20:16.125409,388.4000,11,389.18,
27,2024-05-29,273,ICFC,ICFC Finance Limited,525.0000,525.0000,514.0000,,2495,1286241.5000,515.0000,580.0000,397.0000,2024-05-29T12:19:31.216904,515.0000,21,515.52,
28,2024-05-29,307,NTC,Nepal Doorsanchar Company Limited,864.2000,898.6000,846.0000,,7848,6751247.1000,847.3000,1000.0000,758.0000,2024-05-29T12:18:29.502883,856.0000,99,860.25,
29,2024-05-29,341,GBIME,Global IME Bank Limited,193.8000,197.0000,189.5000,,42440,8176484.5000,190.0000,241.9000,170.0000,2024-05-29T12:22:39.900206,192.0000,197,192.65,
30,2024-05-29,348,CZBIL,Citizens Bank International Limited,182.5000,185.0000,176.0000,,41105,7465230.7000,179.0000,207.8000,152.5000,2024-05-29T12:20:44.325348,180.1000,114,181.61,
31,2024-05-29,357,PCBL,Prime Commercial Bank Ltd.,213.1000,216.0000,210.0000,,40948,8647666.7000,209.0000,224.8000,176.0000,2024-05-29T12:21:47.166005,210.0000,91,211.18,
32,2024-05-29,360,AHPC,Arun Valley Hydropower Development Co. Ltd.,165.0000,166.0000,161.1000,,100368,16475635.8000,162.6000,316.0000,150.0000,2024-05-29T12:21:27.848586,163.9000,265,164.15,
33,2024-05-29,385,ALICL,Asian Life Insurance Co. Limited,588.7000,591.0000,580.1000,,2885,1683178.1000,583.8000,812.0000,523.0000,2024-05-29T12:13:16.388498,580.4000,31,583.42,
34,2024-05-29,403,SJLIC,SuryaJyoti Life Insurance Company Limited,432.0000,433.0000,422.3000,,2133,909792.7000,424.0000,646.0000,400.0000,2024-05-29T12:17:42.264485,422.7000,40,426.53,
35,2024-05-29,428,KRBL,Karnali Development Bank Limited,435.4000,435.4000,423.2000,,4565,1956403.4000,427.0000,479.0000,241.1000,2024-05-29T12:17:55.304086,430.0000,25,428.56,
36,2024-05-29,450,CORBL,Corporate Development Bank Limited,480.0000,488.0000,475.0000,,645,307785.0000,484.9000,496.0000,285.2000,2024-05-29T12:11:06.779558,475.0000,8,477.18,
37,2024-05-29,469,NIMBPO,Nepal Investment Mega Bank Ltd. Promoter Share,138.7000,138.7000,130.7000,,1040,144033.0000,136.0000,176.6000,122.8000,2024-05-29T12:14:59.458724,133.3000,5,138.49,
38,2024-05-29,472,SADBL,Shangrila Development Bank Ltd.,318.1000,324.3000,316.8000,,23660,7570748.4000,320.0000,352.9000,266.0000,2024-05-29T12:11:09.806046,319.0000,51,319.98,
39,2024-05-29,474,MNBBL,Muktinath Bikas Bank Ltd.,358.0000,358.0000,352.0000,,6181,2186422.4000,352.1000,446.0000,332.4000,2024-05-29T12:23:02.515462,353.0000,46,353.73,
40,2024-05-29,490,FMDBL,First Micro Finance Laghubitta Bittiya Sanstha Limited,724.0000,729.0000,709.6000,,21381,15320519.0000,724.0000,781.0000,521.0000,2024-05-29T12:22:19.129854,712.0000,152,716.54,
41,2024-05-29,561,SINDU,Sindhu Bikash Bank Ltd,388.0000,388.0000,380.3000,,272,104196.0000,381.0000,419.0000,233.7000,2024-05-29T11:50:05.377207,381.0000,5,383.07,
42,2024-05-29,583,GBLBS,Grameen Bikas Laghubitta Bittiya Sanstha Ltd.,772.1000,777.0000,755.0000,,9053,6910843.0000,757.0000,820.0000,438.0000,2024-05-29T12:22:59.323792,758.0000,50,763.37,
43,2024-05-29,587,RLFL,Reliance Finance Ltd.,411.0000,411.0000,402.1000,,17552,7091065.3000,403.0000,422.1000,270.2000,2024-05-29T12:22:06.769275,404.4000,67,404.00,
44,2024-05-29,601,MLBBL,Mithila LaghuBitta Bittiya Sanstha Limited,1314.9000,1315.0000,1265.0000,,368,470307.4000,1290.0000,1380.0000,657.0000,2024-05-29T12:20:35.435854,1265.3000,12,1278.00,
45,2024-05-29,618,LLBS,Laxmi Laghubitta Bittiya Sanstha Ltd.,1111.0000,1112.0000,1085.0000,,1591,1749017.0000,1090.0000,1157.7000,580.0000,2024-05-29T12:21:16.504719,1106.0000,18,1099.31,
46,2024-05-29,686,BARUN,Barun Hydropower Co. Ltd.,240.7000,247.0000,237.0000,,2246,540102.6000,236.0000,299.0000,191.1000,2024-05-29T12:18:53.117726,237.0000,20,240.47,
47,2024-05-29,687,VLBS,Vijaya laghubitta Bittiya Sanstha Ltd.,955.0000,965.0000,931.0000,,1073,1010489.3000,955.0000,978.9000,546.1000,2024-05-29T12:19:31.920362,931.0000,20,941.74,
48,2024-05-29,693,HLBSL,Himalayan Laghubitta Bittiya Sanstha Limited,1205.0000,1220.0000,1200.1000,,6115,7414644.3000,1223.0000,1272.9000,519.1000,2024-05-29T12:22:36.514644,1217.9000,42,1212.53,
49,2024-05-29,694,KLBSL,Kisan Lagubitta Bittiya Sanstha Limited,980.0000,980.0000,979.0000,,354,346866.0000,992.0000,1054.1000,560.0000,2024-05-29T11:51:37.939312,979.0000,2,979.84,
50,2024-05-29,695,JSLBB,Janautthan Samudayic Laghubitta Bittya Sanstha Limited,1390.2000,1390.2000,1363.0000,,1058,1443186.9000,1363.0000,1485.0000,785.0000,2024-05-29T12:08:18.213031,1363.0000,12,1364.07,
51,2024-05-29,697,API,Api Power Company Ltd.,176.4000,178.0000,173.0000,,21271,3723542.1000,173.0000,265.2000,154.7000,2024-05-29T12:11:50.927672,174.9000,115,175.05,
52,2024-05-29,2748,RSDC,RSDC Laghubitta Bittiya Sanstha Ltd.,691.0000,692.0000,678.3000,,8650,5927279.0000,679.0000,813.5000,482.0000,2024-05-29T12:23:00.331079,680.0000,48,685.23,
53,2024-05-29,2757,AKPL,Arun Kabeli Power Ltd.,175.4000,175.4000,170.0000,,15031,2590367.1000,172.0000,384.9000,152.4000,2024-05-29T12:16:01.151365,172.0000,58,172.33,
54,2024-05-29,2761,SMATA,Samata Gharelu Laghubitta Bittiya Sanstha Limited,938.0000,941.0000,937.0000,,1407,1320458.2000,943.0000,991.0000,553.7000,2024-05-29T12:17:23.137800,941.0000,13,938.49,
55,2024-05-29,2766,CHL,Chhyangdi Hydropower Ltd.,333.5000,346.0000,322.0000,,5941,1962692.5000,327.0000,349.5000,194.1000,2024-05-29T12:11:32.170535,328.0000,32,330.36,
56,2024-05-29,2767,HPPL,Himalayan Power Partner Ltd.,265.2000,265.2000,253.7000,,3573,928879.1000,260.0000,322.0000,199.0000,2024-05-29T12:14:14.453730,258.7000,22,259.97,
57,2024-05-29,2768,MSLB,Mahuli Laghubitta Bittiya Sanstha Limited,1305.6000,1305.6000,1254.4000,,461,590246.9000,1280.0000,1445.0000,699.3000,2024-05-29T12:12:54.824057,1297.0000,10,1280.36,
58,2024-05-29,2769,NHDL,Nepal Hydro Developers Ltd.,483.2000,483.5000,470.0000,,3382,1610550.4000,474.1000,523.0000,303.0000,2024-05-29T12:22:48.482251,473.0000,23,476.21,
59,2024-05-29,2774,USLB,Unnati Sahakarya Laghubitta Bittiya Sanstha Limited,2137.0000,2137.0000,2016.0000,,1497,3097821.0000,2096.0000,2363.3000,591.1000,2024-05-29T12:18:46.996626,2050.0000,46,2069.35,
60,2024-05-29,2781,WNLB,Wean Nepal Laghubitta Bittiya Sanstha Limited,1425.0000,1482.5000,1400.0000,,320,459215.0000,1440.0000,1679.0000,680.0000,2024-05-29T12:19:41.494207,1426.0000,15,1435.04,
61,2024-05-29,131,NABIL,Nabil Bank Limited,505.0000,522.0000,505.0000,,25864,13183993.3000,507.9000,653.0000,419.0000,2024-05-29T12:23:02.723680,507.0000,260,509.74,
62,2024-05-29,132,NIMB,Nepal Investment Mega Bank Limited,173.2000,176.0000,168.7000,,62050,10693646.8000,169.9000,217.0000,147.4000,2024-05-29T12:22:34.758955,171.5000,181,172.33,
63,2024-05-29,135,SBI,Nepal SBI Bank Limited,310.0000,315.0000,300.0000,,5732,1756434.7000,304.1000,378.4000,268.6000,2024-05-29T12:13:55.875167,306.3000,32,306.42,
64,2024-05-29,141,LSL,Laxmi Sunrise Bank Limited,171.0000,171.0000,164.5000,,22323,3779059.5000,168.5000,208.0000,143.6000,2024-05-29T12:22:46.473968,169.0000,67,169.28,
65,2024-05-29,142,KBL,Kumari Bank Limited,153.5000,154.0000,147.0000,,41185,6216015.8000,150.5000,195.8000,129.6000,2024-05-29T12:20:55.568763,152.0000,158,150.92,
66,2024-05-29,149,OHL,Oriental Hotels Limited,783.0000,800.0000,774.5000,,9526,7533384.7000,770.0000,885.0000,580.0000,2024-05-29T12:22:47.831103,799.6000,79,790.82,
67,2024-05-29,153,BPCL,Butwal Power Company Limited,305.1000,305.1000,299.2000,,1505,457323.0000,299.2000,365.0000,284.4000,2024-05-29T12:09:41.927926,300.5000,17,303.86,
68,2024-05-29,155,STC,Salt Trading Corporation,4360.0000,4447.0000,4360.0000,,1498,6550386.0000,4395.0000,5900.0000,3812.0000,2024-05-29T12:15:52.343756,4420.0000,22,4372.75,
69,2024-05-29,156,BBC,Bishal Bazar Company Limited,3825.0000,3927.0000,3822.0000,,393,1520184.5000,3752.2000,4539.0000,3120.0000,2024-05-29T12:13:49.512509,3927.0000,23,3868.15,
70,2024-05-29,172,NABBC,Narayani Development Bank Limited,599.7000,599.7000,579.0000,,8812,5125958.7000,589.9000,600.0000,342.1000,2024-05-29T12:21:06.942608,580.0000,55,581.70,
71,2024-05-29,177,RBCL,Rastriya Beema Company Limited,13474.0000,13500.0000,13234.0000,,171,2288344.0000,13210.0000,17140.0000,12800.0000,2024-05-29T12:21:10.845311,13500.0000,12,13382.12,
72,2024-05-29,179,HEI,Himalayan Everest Insurance Limited,628.3000,638.0000,616.0000,,3491,2168597.3000,616.0000,705.0000,442.1000,2024-05-29T12:14:35.902637,620.0000,34,621.19,
73,2024-05-29,180,UAIL,United Ajod Insurance Limited,599.7000,599.7000,580.0000,,9778,5692966.2000,588.0000,696.0000,470.5000,2024-05-29T12:12:32.421306,580.0000,59,582.22,
74,2024-05-29,182,SPIL,Siddhartha Premier Insurance Limited,783.0000,795.0000,783.0000,,3850,3040166.1000,795.0000,837.0000,597.2000,2024-05-29T12:20:20.142521,787.0000,28,789.65,
75,2024-05-29,183,NIL,Neco Insurance Limited,800.0000,815.0000,800.0000,,2837,2282102.5000,803.0000,946.0000,731.0000,2024-05-29T12:19:44.844295,803.0000,27,804.40,
76,2024-05-29,184,PRIN,Prabhu Insurance Ltd.,790.0000,795.0000,784.0000,,480,379170.0000,775.0000,897.0000,460.6000,2024-05-29T11:53:02.727609,786.0000,6,789.93,
77,2024-05-29,187,NLIC,Nepal Life Insurance Co. Ltd.,618.1000,618.1000,606.0000,,7171,4394125.2000,606.0000,820.0000,566.0000,2024-05-29T12:21:02.771782,610.0000,80,612.76,
78,2024-05-29,194,NFS,Nepal Finance Ltd.,512.4000,519.0000,507.0000,,17108,8758062.5000,512.4000,595.0000,260.5000,2024-05-29T12:19:06.899737,519.0000,88,511.92,
79,2024-05-29,195,BNL,Bottlers Nepal (Balaju) Limited,15550.0000,15850.0000,15550.0000,,55,862750.0000,15450.0000,23765.6000,2222.2000,2024-05-29T11:32:58.737640,15850.0000,2,15686.36,
80,2024-05-29,219,UNL,Unilever Nepal Limited,40138.0000,43286.1000,40138.0000,,770,33202172.0000,39351.0000,45151.0000,29700.0000,2024-05-29T12:15:00.483606,43286.1000,64,43119.70,
81,2024-05-29,227,BFC,Best Finance Company Ltd.,414.1000,414.1000,405.1000,,7885,3208809.0000,406.0000,425.0000,284.0000,2024-05-29T12:23:08.233566,405.8000,41,406.95,
82,2024-05-29,232,GFCL,Goodwill Finance Limited,469.2000,469.2000,455.0000,,220,101004.0000,460.0000,530.0000,375.0000,2024-05-29T12:19:52.401837,461.8000,9,459.10,
83,2024-05-29,236,PFL,Pokhara Finance Ltd.,695.8000,751.0000,656.0000,,73271,49309210.2000,710.0000,795.0000,320.2000,2024-05-29T12:23:01.452072,670.0000,269,672.97,
84,2024-05-29,238,NMB,NMB Bank Limited,216.7000,221.0000,212.0000,,24172,5210848.3000,212.5000,252.0000,162.0000,2024-05-29T12:21:12.858863,213.5000,116,215.57,
85,2024-05-29,244,SIFC,Shree Investment Finance Co. Ltd.,428.4000,435.0000,415.1000,,3779,1583009.0000,420.0000,470.0000,293.2000,2024-05-29T12:11:14.086789,419.7000,26,418.89,
86,2024-05-29,250,JFL,Janaki Finance Company Limited,540.6000,570.0000,532.2000,,77963,43336426.5000,530.0000,569.9000,316.7000,2024-05-29T12:19:02.992394,560.0000,306,555.85,
87,2024-05-29,255,PRVU,Prabhu  Bank Limited,155.0000,157.0000,151.6000,,38918,5971904.5000,152.0000,206.0000,132.0000,2024-05-29T12:21:11.450548,153.0000,131,153.44,
88,2024-05-29,256,SFCL,Samriddhi Finance Company Limited,347.9000,353.0000,340.0000,,11246,3853445.7000,341.1000,386.0000,246.2000,2024-05-29T12:19:08.692300,347.0000,68,342.65,
89,2024-05-29,268,SWBBL,Swabalamban Laghubitta Bittiya Sanstha Limited,825.0000,835.0000,815.2000,,583,483503.5000,825.0000,942.0000,653.7000,2024-05-29T12:15:05.381194,824.0000,14,829.33,
90,2024-05-29,274,EDBL,Excel Development Bank Ltd.,398.8000,398.8000,385.6000,,2300,895814.0000,391.0000,403.9000,266.4000,2024-05-29T12:04:26.951841,389.0000,7,389.48,
91,2024-05-29,338,PROFL,Progressive Finance Limited,346.0000,346.0000,340.0000,,2319,793797.7000,339.8000,465.0000,269.1000,2024-05-29T12:16:45.990849,340.0000,15,342.30,
92,2024-05-29,2784,NADEP,Nadep Laghubittiya bittya Sanstha Ltd.,780.0000,795.0000,776.0000,,4416,3464205.0000,783.0000,850.0000,455.0000,2024-05-29T12:21:04.186338,783.0000,47,784.46,
93,2024-05-29,2788,AKJCL,Ankhu Khola Jalvidhyut Company Ltd,208.5000,209.6000,205.0000,,3859,800930.0000,205.5000,250.0000,141.3000,2024-05-29T12:17:25.708551,207.1000,25,207.54,
94,2024-05-29,2790,ACLBSL,Aarambha Chautari Laghubitta Bittiya Sanstha Limited,949.9000,955.0000,920.0000,,1418,1319633.5000,936.0000,963.9000,500.1000,2024-05-29T12:08:21.075887,935.0000,21,930.63,
95,2024-05-29,2792,UPPER,Upper Tamakoshi Hydropower Ltd,169.2000,169.2000,165.5000,,36971,6160130.4000,165.9000,514.0000,160.0000,2024-05-29T12:18:37.573745,166.0000,195,166.62,
96,2024-05-29,2804,SLBSL,Samudayik Laghubitta Bittiya Sanstha Limited,1249.0000,1250.0000,1225.0000,,756,934786.0000,1228.7000,1423.4000,578.2000,2024-05-29T12:15:14.998491,1225.0000,16,1236.48,
97,2024-05-29,2806,GHL,Ghalemdi Hydro Limited,152.4000,155.4000,149.1000,,17898,2708916.5000,149.5000,251.9000,120.0000,2024-05-29T12:20:35.849451,149.3000,74,151.35,
98,2024-05-29,2809,SHIVM,SHIVAM CEMENTS LTD,524.0000,524.0000,509.0000,,40781,20904749.5000,513.8000,680.0000,445.0000,2024-05-29T12:21:09.860412,511.0000,190,512.61,
99,2024-05-29,2810,UPCL,UNIVERSAL POWER COMPANY LTD,200.8000,200.8000,193.0000,,14003,2744428.2000,196.9000,252.9000,168.0000,2024-05-29T12:19:55.489674,197.9000,55,195.98,
100,2024-05-29,2815,GMFBS,Ganapati Laghubitta Bittiya Sanstha Limited,1243.1000,1268.0000,1243.1000,,338,423480.0000,1268.0000,1372.9000,641.0000,2024-05-29T12:17:21.406169,1267.0000,5,1252.89,
101,2024-05-29,2824,HURJA,Himalaya Urja Bikas Company Limited,284.0000,288.9000,279.3000,,86095,24299243.8000,279.0000,335.5000,205.0000,2024-05-29T12:21:33.620643,286.9000,34,282.23,
102,2024-05-29,2829,SMFBS,Swabhimaan Laghubitta Bittiya Sanstha Limited,1340.0000,1340.0000,1340.0000,,10,13400.0000,1339.0000,1450.0000,717.4000,2024-05-29T11:32:01.917340,1340.0000,1,1340.00,
103,2024-05-29,2835,NBF2,NABIL BALANCED FUND-2,8.6800,8.6800,8.5100,,300,2570.0000,8.5100,9.5500,7.0300,2024-05-29T12:11:37.379867,8.5100,2,8.56,
104,2024-05-29,2842,SJCL,SANJEN JALAVIDHYUT COMPANY LIMITED,281.5000,281.5000,271.1000,,1178,322020.0000,276.0000,359.0000,232.1000,2024-05-29T12:13:29.808720,273.0000,28,273.36,
105,2024-05-29,2859,SIGS2,Siddhartha Investment Growth Scheme - 2,8.7600,8.7600,8.7500,,13800,120770.0000,8.6200,9.6000,6.9200,2024-05-29T11:27:23.869199,8.7500,3,8.75,
106,2024-05-29,2887,NICLBSL,NIC ASIA Laghubitta Bittiya Sanstha Limited,678.0000,678.0000,666.1000,,2780,1874343.5000,665.0000,788.7000,520.3000,2024-05-29T12:16:03.441873,671.0000,37,674.22,
107,2024-05-29,2896,SDLBSL,Sadhana Laghubitta Bittiya Sanstha Limited,935.1000,956.0000,935.1000,,1341,1271085.2000,939.1000,1045.0000,519.2000,2024-05-29T12:12:42.317670,937.1000,24,947.86,
108,2024-05-29,2903,LEC,Liberty Energy Company Limited,187.0000,188.6000,185.0000,,21931,4092613.0000,185.1000,293.7000,138.0000,2024-05-29T12:22:53.208139,188.6000,70,186.61,
109,2024-05-29,2908,SGIC,Sanima GIC Insurance Limited,560.0000,560.0000,545.0000,,11661,6398029.8000,550.0000,710.9000,417.0000,2024-05-29T12:13:20.932924,549.8000,101,548.66,
110,2024-05-29,2913,MEN,Mountain Energy Nepal Limited,595.0000,597.0000,583.1000,,8099,4743747.5000,586.0000,1092.0000,429.9000,2024-05-29T12:22:13.157216,585.5000,42,585.72,
111,2024-05-29,2914,UMRH,United IDI Mardi RB Hydropower Limited.,371.4000,375.0000,365.0000,,20127,7424904.6000,364.2000,492.7000,261.3000,2024-05-29T12:22:27.835166,374.9000,97,368.90,
112,2024-05-29,2915,PMLI,Prabhu Mahalaxmi Life Insurance Limited,501.1000,518.0000,501.1000,,894,455206.0000,509.0000,660.0000,397.0000,2024-05-29T12:22:23.169312,508.0000,58,509.17,
113,2024-05-29,2919,NIFRA,Nepal Infrastructure Bank Limited,207.0000,210.1000,204.0000,,44838,9250889.3000,206.0000,253.0000,180.2000,2024-05-29T12:23:04.749385,204.2000,192,206.31,
114,2024-05-29,2923,SLCF,Sanima Large Cap Fund,8.0900,8.2500,8.0100,,2100,17149.0000,8.2500,8.9200,6.8700,2024-05-29T12:11:18.490446,8.0100,5,8.16,
115,2024-05-29,2924,GLH,GreenLife Hydropower Limited,211.0000,215.0000,209.0000,,4410,927643.0000,211.4000,293.7000,194.6000,2024-05-29T12:22:27.892778,210.0000,29,210.34,
116,2024-05-29,2925,MLBSL,Mahila Lagubitta Bittiya Sanstha Limited ,1925.7000,1940.0000,1896.3000,,155,295721.2000,1888.0000,2268.0000,1535.0000,2024-05-29T12:02:25.381954,1896.3000,9,1907.87,
117,2024-05-29,2933,KEF,Kumari Equity Fund,8.4100,8.4900,8.4100,,5500,46655.0000,8.4900,10.3500,6.9100,2024-05-29T12:15:08.034169,8.4100,5,8.48,
118,2024-05-29,2935,RURU,Ru Ru Jalbidhyut Pariyojana Limited,625.0000,631.0000,602.6000,,17762,10876003.8000,614.5000,842.0000,484.9000,2024-05-29T12:18:58.607709,615.1000,73,612.31,
119,2024-05-29,3946,CHDC,CEDB Hydropower Development Company Limited,890.0000,899.0000,873.0000,,76225,67717809.3000,873.0000,1217.2000,627.0000,2024-05-29T12:23:04.317611,899.0000,393,888.39,
120,2024-05-29,4951,JBLB,Jeevan Bikas Laghubitta  Bittya Sanstha Ltd,1399.0000,1410.0000,1390.0000,,2014,2827894.0000,1400.0000,1879.0000,1205.0000,2024-05-29T12:21:37.478538,1400.0000,48,1404.11,
121,2024-05-29,4955,MKLB,Manakamana Smart Laghubitta Bittiya Sanstha Limited,1075.0000,1140.0000,1075.0000,,1469,1620056.0000,1055.0000,1233.0000,526.2000,2024-05-29T12:22:57.509512,1096.1000,39,1102.82,
122,2024-05-29,4965,SAMAJ,Samaj Laghubittya Bittiya Sanstha Limited,2130.0000,2142.0000,2130.0000,,60,128340.0000,2100.0000,2488.2000,64.8000,2024-05-29T12:11:33.943083,2142.0000,5,2139.00,
123,2024-05-29,6984,PBD85,8.75 % Prime Debenture 2085,970.2000,970.2000,970.2000,,25,24255.0000,983.1000,1010.0000,786.1000,2024-05-29T11:25:05.756933,970.2000,1,970.20,
124,2024-05-29,8004,GBILD86/87,Global IME Bank Limited Debenture 2086/87,976.2000,976.2000,976.2000,,25,24405.0000,993.0000,1007.0000,758.1000,2024-05-29T11:24:35.670589,976.2000,1,976.20,
125,2024-05-29,8005,MKJC,Mailung Khola Jal Vidhyut Company Limited,474.0000,474.0000,465.0000,,651,304909.0000,465.9000,592.0000,293.2000,2024-05-29T12:22:37.412818,473.0000,19,468.37,
126,2024-05-29,8018,MLBS,Manushi Laghubitta Bittiya Sanstha Limited,1354.0000,1354.0000,1328.0000,,80,106784.0000,1354.0000,1528.2000,570.1000,2024-05-29T11:47:48.530100,1328.0000,6,1334.80,
127,2024-05-29,8021,SAHAS,Sahas Urja Limited,539.0000,540.1000,532.0000,,9278,4970575.6000,534.0000,610.0000,402.8000,2024-05-29T12:22:49.211219,532.3000,84,535.73,
128,2024-05-29,8026,NYADI,Nyadi Hydropower Limited,298.8000,298.8000,288.5000,,560,163474.0000,293.0000,328.0000,176.4000,2024-05-29T12:19:51.112154,296.0000,15,291.91,
129,2024-05-29,8034,ENL,Emerging Nepal Limited,900.0000,960.0000,895.1000,,18022,16828560.0000,890.0000,1060.0000,590.0000,2024-05-29T12:22:21.454953,959.0000,194,933.77,
130,2024-05-29,8038,JALPA,Jalpa Samudayik Laghubitta Bittiya Sanstha Limited,1494.0000,1522.0000,1446.0000,,438,644091.2000,1465.0000,1869.7000,920.0000,2024-05-29T12:21:52.853069,1460.0000,20,1470.52,
131,2024-05-29,8045,GVL,Green Ventures Limited,447.7000,455.0000,439.0000,,5874,2590263.8000,439.0000,498.0000,299.9000,2024-05-29T12:21:58.334985,445.0000,70,440.97,
132,2024-05-29,8065,CYCL,CYC Nepal Laghubitta Bittiya Sanstha Limited,1502.0000,1502.0000,1470.0000,,1577,2327623.6000,1473.5000,1823.0000,882.0000,2024-05-29T12:22:49.986728,1472.3000,38,1475.98,
133,2024-05-29,8066,RFPL,River Falls Power Limited,374.0000,380.0000,364.1000,,14239,5238262.5000,366.7000,481.4000,193.8000,2024-05-29T12:22:28.226476,366.0000,67,367.88,
134,2024-05-29,8070,DORDI,Dordi Khola Jal Bidyut Company Limited,421.2000,421.2000,406.1000,,1980,817539.0000,413.0000,576.0000,191.6000,2024-05-29T12:05:58.851978,406.1000,31,412.89,
135,2024-05-29,8073,NICFC,NIC Asia Flexi CAP Fund,8.8700,9.2000,8.7200,,1000,8966.0000,9.0500,10.1700,7.5200,2024-05-29T12:16:55.162976,9.0200,8,8.96,
136,2024-05-29,8074,KDBY,Kumari Dhanabriddhi Yojana,8.8200,8.9900,8.8100,,1200,10658.0000,8.9900,10.0700,7.2400,2024-05-29T12:21:30.736774,8.9900,11,8.88,
137,2024-05-29,8075,BHDC,Bindhyabasini Hydropower Development Company Limited,556.0000,567.0000,545.0000,,19566,10746020.5000,556.0000,578.0000,286.5000,2024-05-29T12:22:03.254878,555.0000,65,549.21,
138,2024-05-29,8097,PBD88,10% Prime Debenture 2088,1026.0000,1026.2000,1026.0000,,125,128262.5000,1031.0000,1068.0000,862.2000,2024-05-29T12:19:12.611780,1026.1000,4,1026.10,
139,2024-05-29,8100,SGHC,Swet-Ganga Hydropower & Construction Limited ,325.0000,342.0000,325.0000,,3782,1244379.0000,323.9000,363.0000,205.1000,2024-05-29T12:17:38.448551,330.2000,75,329.02,
140,2024-05-29,8104,USHEC,Upper Solu Hydro Electric Company Limited,392.3000,400.0000,380.2000,,5740,2269945.0000,385.0000,422.0000,208.2000,2024-05-29T12:23:02.240853,400.0000,57,395.46,
141,2024-05-29,8108,RHGCL,Rapti Hydro And General Construction Limited,356.0000,370.0000,341.1000,,17847,6231279.1000,350.9000,387.0000,184.5000,2024-05-29T12:22:31.613391,350.1000,106,349.14,
142,2024-05-29,8121,SPHL,Sayapatri Hydropower Limited,502.0000,502.0000,484.0000,,1551,774092.0000,493.0000,598.0000,294.0000,2024-05-29T12:21:23.366485,502.0000,22,499.09,
143,2024-05-29,8131,EHPL,Eastern Hydropower Limited,543.6000,543.6000,511.5000,,6835,3564152.0000,533.0000,536.0000,273.0000,2024-05-29T12:11:40.357141,520.0000,70,521.45,
144,2024-05-29,8133,PHCL,Peoples Hydropower Company Limited,293.0000,298.8000,289.0000,,2665,784636.0000,289.1000,381.0000,216.0000,2024-05-29T12:21:16.226098,293.6000,57,294.42,
145,2024-05-29,9135,BHPL,Barahi Hydropower Public Limited,631.3000,631.3000,568.0000,,4816,2782849.8000,619.0000,624.0000,304.1000,2024-05-29T12:21:53.859485,572.0000,65,577.83,
146,2024-05-29,9138,NIBLGF,NIBL Growth Fund,8.1500,8.1500,8.1500,,100,815.0000,8.1800,10.6400,7.2000,2024-05-29T12:13:15.815870,8.1500,1,8.15,
147,2024-05-29,9140,UNLB,Unique Nepal Laghubitta Bittiya Sanstha Limited,2027.0000,2028.0000,1982.0000,,230,458090.0000,1989.0000,2193.0000,922.0000,2024-05-29T12:15:26.186771,1995.0000,16,1991.69,
148,2024-05-29,9146,SMHL,Super Madi Hydropower Limited,529.3000,539.0000,510.3000,,24849,13038483.0000,519.0000,540.6000,310.0000,2024-05-29T12:22:13.915315,534.0000,207,524.70,
149,2024-05-29,9149,MKHC,Maya Khola Hydropower Company Limited,314.1000,321.0000,310.0000,,13064,4137613.0000,308.0000,362.0000,174.4000,2024-05-29T12:21:32.334382,321.0000,106,316.71,
150,2024-05-29,9150,AHL,Asian Hydropower Limited,478.3000,478.3000,451.1000,,1890,886082.0000,469.0000,504.0000,273.1000,2024-05-29T12:21:57.652508,464.0000,21,468.82,
151,2024-05-29,9151,KDL,Kalinchowk Darshan Limited,1150.5000,1240.8000,1150.5000,,20664,25503935.6000,1128.0000,1130.1000,717.0000,2024-05-29T12:23:02.284128,1240.8000,325,1234.22,
152,2024-05-29,9154,SFEF,Sunrise Focused Equity Fund,8.1600,8.3200,8.0000,,5010,41635.2000,8.1600,9.6800,7.4100,2024-05-29T12:14:42.846749,8.0000,4,8.31,
153,2024-05-29,9156,TAMOR,Sanima Middle Tamor Hydropower Limited,390.6000,390.6000,370.0000,,6833,2574369.0000,383.0000,454.0000,230.1000,2024-05-29T12:22:26.783842,376.3000,71,376.75,
154,2024-05-29,9161,ANLB,Aatmanirbhar Laghubitta Bittiya Sanstha Limited,2448.0000,2448.0000,2355.0000,,270,639676.0000,2400.0000,2651.0000,1550.0000,2024-05-29T12:03:59.890708,2355.0000,13,2369.17,
155,2024-05-29,9167,MKHL,Mai Khola Hydropower Limited,435.0000,452.5000,430.0000,,7485,3269168.5000,427.0000,543.0000,224.0000,2024-05-29T12:21:33.631698,443.5000,70,436.76,
156,2024-05-29,9170,DOLTI,Dolti Power Company Limited,421.9000,421.9000,410.0000,,7834,3234521.5000,414.0000,539.0000,177.4000,2024-05-29T12:18:00.498537,410.0000,49,412.88,
157,2024-05-29,9174,PRSF,Prabhu Smart Fund,8.9200,8.9600,8.9200,,600,5356.0000,9.1000,10.0600,7.4500,2024-05-29T11:37:53.760760,8.9600,3,8.92,
158,2024-05-29,9175,MCHL,Menchhiyam Hydropower Limited,391.6000,399.4000,378.2000,,780,305317.0000,384.0000,424.0000,165.2000,2024-05-29T12:22:37.168307,387.0000,33,391.43,
159,2024-05-29,9178,RMF2,RBB Mutual Fund 2,8.7100,8.7100,8.7100,,200,1742.0000,8.6500,10.6400,7.2300,2024-05-29T11:37:41.203049,8.7100,2,8.71,
160,2024-05-29,9183,NRM,Nepal Republic Media Limited,394.6000,400.0000,384.0000,,32883,12964073.9000,386.9000,492.5000,205.9000,2024-05-29T12:22:38.894131,395.0000,265,394.24,
161,2024-05-29,9184,ILI,IME Life Insurance Company Limited,466.0000,466.1000,456.0000,,14994,6890436.1000,457.0000,640.6000,444.0000,2024-05-29T12:21:38.556354,457.2000,218,459.54,
162,2024-05-29,9192,USHL,Upper Syange Hydropower Limited,479.1000,505.8000,478.0000,,4075,1995919.0000,487.5000,597.0000,253.6000,2024-05-29T12:19:13.026055,499.0000,51,489.79,
163,2024-05-29,9198,LVF2,Laxmi Value Fund 2,8.3900,8.4100,8.3900,,700,5879.0000,8.5600,10.0000,7.0900,2024-05-29T11:58:30.602087,8.4100,4,8.39,
164,2024-05-29,9199,RNLI,Reliable Nepal Life Insurance Limited,445.5000,446.0000,432.1000,,7027,3071709.0000,437.8000,612.0000,390.0000,2024-05-29T12:22:43.802056,434.2000,209,437.12,
165,2024-05-29,9201,SNLI,Sun Nepal Life Insurance Company Limited,479.1000,479.1000,468.1000,,29040,13738505.5000,476.1000,645.0000,396.1000,2024-05-29T12:23:01.466662,472.0000,152,473.08,
166,2024-05-29,9203,MEHL,Manakamana Engineering Hydropower Limited,316.0000,339.5000,310.0000,,30851,10102766.6000,315.0000,339.6000,175.0000,2024-05-29T12:22:52.572177,335.0000,224,327.46,
167,2024-05-29,9209,CLI,Citizen Life Insurance Company Limited,489.7000,489.7000,475.0000,,24322,11662175.2000,480.1000,567.0000,375.0000,2024-05-29T12:22:14.149152,479.9000,230,479.49,
168,2024-05-29,9211,SBID89,9% Nepal SBI Bank Rinpatra 2089,987.0000,987.0000,987.0000,,25,24675.0000,1000.0000,1030.0000,838.0000,2024-05-29T11:42:18.988300,987.0000,1,987.00,
169,2024-05-29,9213,HATHY,Hathway Investment Nepal Limited,915.0000,929.0000,905.0000,,36683,33693695.6000,908.0000,1123.0000,279.5000,2024-05-29T12:22:23.353390,915.1000,281,918.50,
170,2024-05-29,9215,MSHL,Mid Solu Hydropower Limited,652.0000,652.0000,633.0000,,290,185760.0000,640.0000,832.5000,294.2000,2024-05-29T12:16:23.966304,633.0000,13,640.55,
171,2024-05-29,9217,MMKJL,Mathillo Mailun Khola Jalvidhyut Limited,443.0000,443.2000,414.0000,,5845,2484391.0000,434.6000,478.0000,225.0000,2024-05-29T12:18:33.030390,438.0000,59,425.04,
172,2024-05-29,9218,TVCL,Trishuli Jal Vidhyut Company Limited ,455.0000,464.1000,447.0000,,1871,858281.5000,446.2000,660.0000,268.0000,2024-05-29T12:22:38.773579,456.0000,43,458.72,
173,2024-05-29,9221,H8020,Himalayan 80-20,8.9700,9.0600,8.9700,,1300,11743.0000,9.1500,10.1000,8.3000,2024-05-29T12:16:15.221408,9.0600,5,9.03,
174,2024-05-29,9225,VLUCL,Vision Lumbini Urja Company Limited ,484.0000,505.0000,484.0000,,34145,16983715.3000,484.0000,608.0000,365.3000,2024-05-29T12:19:01.464136,494.9000,164,497.39,
175,2024-05-29,9230,MKCL,Muktinath Krishi Company Limited,974.2000,1050.6000,974.2000,,52806,54717773.4000,955.1000,1319.5000,178.8000,2024-05-29T12:23:07.276172,1046.0000,871,1036.20,
176,2024-05-29,9236,NICGF2,NIC ASIA Growth Fund-2,8.1600,8.2900,8.1600,,16740,137424.3500,8.1600,10.0000,7.3200,2024-05-29T12:10:11.699475,8.2200,9,8.20,
177,2024-05-29,9241,KSY,Kumari Sabal Yojana,8.5000,8.5000,8.5000,,400,3400.0000,8.6700,10.0000,7.8800,2024-05-29T11:46:27.142463,8.5000,3,8.50,
178,2024-05-29,9242,SARBTM,Sarbottam Cement Limited,834.3000,847.0000,820.0000,,16587,13797987.3000,818.0000,1083.0000,556.0000,2024-05-29T12:21:27.197723,839.0000,181,831.85,
179,2024-05-29,358,LBBL,Lumbini Bikas Bank Ltd.,392.0000,392.0000,384.0000,,4292,1658758.4000,387.9000,454.0000,320.0000,2024-05-29T12:22:19.133073,385.0000,23,386.47,
180,2024-05-29,371,MDB,Miteri Development Bank Limited,496.7000,496.7000,485.2000,,5825,2835694.4000,487.0000,503.5000,359.1000,2024-05-29T12:08:41.588705,485.4000,20,486.81,
181,2024-05-29,393,HLI,Himalayan Life Insurance Limited,410.0000,410.0000,398.0000,,24636,9912207.7000,402.0000,574.0000,340.0000,2024-05-29T12:22:51.592773,401.9000,148,402.34,
182,2024-05-29,396,NMLBBL,Nerude Mirmire Laghubitta Bittiya Sanstha Limited,757.0000,757.0000,734.0000,,10970,8104692.2000,746.0000,860.5000,480.0000,2024-05-29T12:22:01.457585,735.2000,140,738.80,
183,2024-05-29,397,ADBL,Agricultural Development Bank Limited,282.5000,292.9000,275.2000,,16109,4495936.4000,277.0000,287.6000,220.5000,2024-05-29T12:15:43.435437,276.6000,103,279.09,
184,2024-05-29,401,MLBL,Mahalaxmi Bikas Bank Ltd.,336.0000,337.0000,330.0000,,10353,3441758.0000,331.0000,379.0000,281.0000,2024-05-29T12:20:56.198776,332.0000,29,332.44,
185,2024-05-29,417,GBBL,Garima Bikas Bank Limited,377.2000,377.2000,365.0000,,5755,2111635.8000,369.9000,432.4000,340.0000,2024-05-29T12:20:19.758679,370.0000,55,366.92,
186,2024-05-29,418,JBBL,Jyoti Bikas Bank Limited,296.0000,299.4000,295.2000,,14174,4220178.0000,295.8000,357.0000,254.0000,2024-05-29T12:16:23.989273,297.0000,48,297.74,
187,2024-05-29,459,KSBBL,Kamana Sewa Bikas Bank Limited,389.0000,389.0000,383.0000,,13583,5219228.3000,383.0000,395.0000,279.0000,2024-05-29T12:22:49.105765,385.0000,89,384.24,
188,2024-05-29,471,MPFL,Multipurpose Finance Company  Limited,452.8000,452.8000,445.1000,,20953,9419187.3000,444.0000,490.0000,261.0000,2024-05-29T12:23:04.429542,451.9000,78,449.53,
189,2024-05-29,473,SHINE,Shine Resunga Development Bank Ltd.,405.9000,407.0000,397.1000,,125135,49973963.1000,398.0000,435.0000,316.6000,2024-05-29T12:22:45.157874,399.4000,109,399.36,
190,2024-05-29,516,MFIL,Manjushree Finance Ltd.,515.0000,516.5000,504.0000,,8320,4210534.2000,506.5000,587.0000,415.0000,2024-05-29T12:22:28.161566,509.5000,63,506.07,
191,2024-05-29,517,NBL,Nepal Bank Limited,230.0000,230.4000,224.0000,,6778,1534148.5000,226.0000,280.0000,195.1000,2024-05-29T12:19:58.741372,224.0000,55,226.34,
192,2024-05-29,545,SLBBL,Swarojgar Laghu Bitta Bikas Bank Ltd.,780.0000,780.0000,760.3000,,5435,4171320.7000,765.0000,810.0000,534.1000,2024-05-29T12:22:33.081647,762.0000,33,767.49,
193,2024-05-29,559,NLG,NLG Insurance Company Ltd.,768.0000,783.3000,768.0000,,522,401865.0000,768.0000,940.0000,597.2000,2024-05-29T12:14:58.465705,772.0000,11,769.85,
194,2024-05-29,574,SKBBL,Sana Kisan Bikas Laghubitta Bittiya Sanstha Limited,846.6000,846.6000,825.0000,,3782,3131302.3000,830.0000,1060.0000,790.0000,2024-05-29T12:22:51.691956,830.0000,41,827.94,
195,2024-05-29,591,SHPC,Sanima Mai Hydropower Ltd.,342.7000,349.5000,338.0000,,4304,1462845.3000,336.0000,403.0000,282.3000,2024-05-29T12:11:04.437221,338.1000,40,339.88,
196,2024-05-29,593,KMCDB,Kalika Laghubitta Bittiya Sanstha Ltd,1058.4000,1142.0000,1050.2000,,6059,6435019.6000,1080.0000,1133.2000,526.0000,2024-05-29T12:21:41.072536,1058.0000,68,1062.05,
197,2024-05-29,610,RIDI,Ridi Power Company Limited,179.6000,183.9000,175.4000,,26510,4720496.1000,177.0000,320.0000,154.5000,2024-05-29T12:22:46.819188,177.0000,123,178.06,
198,2024-05-29,700,HEIP,Himalayan Everest Insurance Limited Promoter,363.0000,363.0000,363.0000,,53,19239.0000,369.9000,486.9000,287.1000,2024-05-29T11:10:28.100017,363.0000,1,363.00,
199,2024-05-29,704,NMBMF,NMB  Microfinance Bittiya Sanstha Ltd.,670.0000,675.0000,669.0000,,1349,908132.5000,670.0000,724.0000,463.6000,2024-05-29T12:10:52.759541,675.0000,18,673.18,
200,2024-05-29,705,GILB,Global IME Laghubitta Bittiya Sanstha Ltd.,1230.0000,1314.0000,1207.0000,,30866,38680924.1000,1255.0000,1270.0000,748.0000,2024-05-29T12:20:10.036113,1290.0000,242,1253.18,
201,2024-05-29,706,SWMF,Suryodaya Womi Laghubitta Bittiya Sanstha Limited,846.0000,846.0000,825.1000,,517,429331.0000,830.0000,896.0000,541.0000,2024-05-29T11:59:12.151305,830.0000,11,830.42,
202,2024-05-29,1741,MERO,Mero Microfinance Bittiya Sanstha Ltd.,703.5000,703.5000,685.2000,,1300,895835.4000,689.9000,748.0000,463.3000,2024-05-29T12:17:04.042507,686.1000,15,689.10,
203,2024-05-29,2742,HIDCL,Hydorelectricity Investment and Development Company Ltd,171.5000,178.3000,169.8000,,25795,4443292.1000,169.5000,212.0000,154.0000,2024-05-29T12:22:23.165658,171.0000,112,172.25,
204,2024-05-29,2743,NGPL,Ngadi Group Power Ltd.,310.0000,313.0000,304.6000,,20452,6291544.4000,304.8000,365.0000,185.8000,2024-05-29T12:22:41.240305,305.0000,73,307.62,
205,2024-05-29,2744,GRDBL,Green Development Bank Ltd.,437.9000,438.4000,425.0000,,2574,1115206.0000,430.0000,464.2000,240.0000,2024-05-29T12:04:52.138891,430.0000,20,433.25,
206,2024-05-29,2746,NMFBS,National Laghubitta Bittiya Sanstha Limited,1315.5000,1341.3000,1315.0000,,214,282617.2000,1339.0000,1573.0000,901.0000,2024-05-29T11:21:47.889217,1341.3000,4,1320.64,
207,2024-05-29,2751,KKHC,Khanikhola Hydropower Co. Ltd.,228.0000,229.0000,226.9000,,1595,362956.0000,224.7000,280.5000,158.0000,2024-05-29T11:35:25.104229,227.0000,8,227.55,
208,2024-05-29,2754,DHPL,Dibyashwori Hydropower Ltd.,198.9000,202.8000,198.0000,,1875,372392.0000,195.0000,242.0000,134.0000,2024-05-29T12:14:53.829130,199.0000,14,198.60,
209,2024-05-29,2758,FOWAD,Forward Microfinance Laghubitta Bittiya Sanstha Limited,1281.0000,1282.0000,1250.0000,,2209,2777838.0000,1257.0000,1493.0000,974.0000,2024-05-29T11:45:04.373065,1250.0000,20,1257.50,
210,2024-05-29,2759,SPDL,Synergy Power Development Ltd.,249.9000,249.9000,242.0000,,11629,2830356.0000,245.0000,304.6000,160.0000,2024-05-29T12:21:29.610794,244.0000,35,243.38,
211,2024-05-29,2760,UMHL,United Modi Hydropower Ltd.,241.4000,241.4000,236.6000,,6150,1469396.8000,236.7000,309.0000,167.0000,2024-05-29T12:22:25.993472,239.9000,28,238.92,
212,2024-05-29,2770,SEF,Siddhartha Equity Fund,8.2900,8.2900,8.2900,,2300,19067.0000,8.2900,9.4300,7.1600,2024-05-29T11:55:53.402576,8.2900,1,8.29,
213,2024-05-29,2771,SMB,Support Microfinance Bittiya Sanstha Ltd.,1645.0000,1645.0000,1612.1000,,110,177660.0000,1619.0000,1740.0000,827.0000,2024-05-29T11:58:11.761262,1612.1000,4,1615.09,
214,2024-05-29,2773,SAEF,Sanima Equity Fund,10.0000,10.0900,9.9000,,30700,306563.0000,10.0000,12.3000,8.8500,2024-05-29T11:49:34.156659,10.0900,3,9.98,
215,2024-05-29,2776,RADHI,Radhi Bidyut Company Ltd,243.7000,248.5000,238.1000,,9379,2252888.0000,239.0000,301.0000,200.6000,2024-05-29T12:18:21.152414,239.1000,40,240.20,
216,2024-05-29,2780,CMF1,Citizens Mutual Fund -1,9.1000,9.1000,9.1000,,100,910.0000,9.2800,9.4000,7.0900,2024-05-29T11:44:35.425231,9.1000,1,9.10,
217,2024-05-29,2786,PMHPL,Panchakanya Mai Hydropower Ltd,236.3000,236.3000,228.0000,,2312,538727.9000,231.7000,286.7000,151.5000,2024-05-29T11:41:34.487932,229.2000,9,233.01,
218,2024-05-29,2787,KPCL,Kalika power Company Ltd,446.6000,446.6000,427.5000,,10346,4462097.6000,437.9000,476.0000,272.4000,2024-05-29T12:15:17.942402,429.2000,61,431.28,
219,2024-05-29,2789,JOSHI,Joshi Hydropower Development Company Ltd,311.5000,317.7000,305.2000,,9179,2833244.0000,306.0000,412.0000,182.1000,2024-05-29T12:07:15.140759,305.2000,63,308.66,
220,2024-05-29,2807,ALBSL,Asha Laghubitta Bittiya Sanstha Ltd,977.1000,1000.0000,977.1000,,7418,7356780.5000,995.0000,1009.0000,543.0000,2024-05-29T12:20:54.736975,986.0000,78,991.74,
221,2024-05-29,2811,MHNL,Mountain Hydro Nepal Limited,237.6000,252.0000,233.3000,,6047,1428869.1000,233.0000,309.0000,169.0000,2024-05-29T12:22:50.895382,236.0000,27,236.29,
222,2024-05-29,2813,PPCL,Panchthar Power Compant Limited,236.6000,236.6000,230.1000,,3370,785706.0000,232.0000,365.0000,196.0000,2024-05-29T12:21:51.719726,234.0000,9,233.14,
223,2024-05-29,2826,GLBSL,Gurans Laghubitta Bittiya Sanstha Limited,1910.0000,1924.0000,1887.0000,,445,845378.5000,1877.0000,2420.0000,589.1000,2024-05-29T12:22:56.501032,1895.0000,13,1899.72,
224,2024-05-29,2831,UNHPL,Union Hydropower Limited,235.0000,235.5000,230.9000,,9030,2103897.5000,230.9000,280.5000,156.0000,2024-05-29T12:20:18.913626,232.5000,29,232.98,
225,2024-05-29,2832,ILBS,Infinity Laghubitta Bittiya Sanstha Limited,1365.0000,1375.0000,1322.0000,,2410,3221765.1000,1365.0000,1492.0000,537.0000,2024-05-29T12:19:38.448348,1345.0000,39,1336.83,
226,2024-05-29,2841,RHPL,RASUWAGADHI HYDROPOWER COMPANY LIMITED,273.8000,275.0000,269.0000,,35350,9626577.5000,268.5000,371.0000,239.0000,2024-05-29T12:19:08.716393,272.0000,64,272.32,
227,2024-05-29,2843,SABSL,Sabaiko Laghubitta Bittiya Sanstha Limited,990.0000,995.0000,968.0000,,1470,1426914.6000,976.2000,1071.0000,522.6000,2024-05-29T12:13:02.074791,969.0000,15,970.69,
228,2024-05-29,2860,SAPDBL,Saptakoshi Development Bank Ltd,327.9000,327.9000,317.4000,,7430,2397900.0000,321.5000,352.5000,211.7000,2024-05-29T12:08:57.246539,326.0000,21,322.73,
229,2024-05-29,2862,CMF2,CITIZENS MUTUAL FUND 2,8.4100,8.4500,8.4100,,675,5684.7500,8.5800,10.3900,6.8100,2024-05-29T12:13:39.999648,8.4500,4,8.42,
230,2024-05-29,2863,NICBF,NIC Asia Balanced Fund,8.8800,8.8800,8.8800,,200,1776.0000,8.7100,10.3100,7.7100,2024-05-29T11:34:33.877181,8.8800,1,8.88,
231,2024-05-29,2867,NMB50,NMB 50,9.9800,9.9800,9.9800,,11981,119570.3800,9.9800,11.5000,8.7100,2024-05-29T12:18:29.246189,9.9800,3,9.98,
232,2024-05-29,2880,HDHPC,Himal Dolakha Hydropower Company Limited,135.5000,136.0000,132.8000,,18167,2434840.1000,132.9000,176.3000,116.0000,2024-05-29T12:21:41.111397,133.0000,82,134.02,
233,2024-05-29,2881,NRIC,Nepal Reinsurance Company Limited,687.0000,687.0000,674.0000,,1384,936506.3000,675.0000,856.0000,585.0000,2024-05-29T12:12:33.308223,676.0000,26,676.66,
234,2024-05-29,2883,GWFD83,12 % Goodwill Finance Limited Debenture 2083,1230.0000,1230.0000,1225.0000,,175,214500.0000,1220.0000,1230.0000,1010.0000,2024-05-29T12:06:10.147538,1225.0000,2,1225.71,
235,2024-05-29,2898,NRN,NRN Infrastructure and Development Limited,584.0000,594.0000,575.0000,,101816,59622132.7000,572.8000,641.0000,280.6000,2024-05-29T12:23:06.036704,587.0000,366,585.58,
236,2024-05-29,2902,LUK,Laxmi Unnati Kosh,8.5200,8.8000,8.5200,,200,1732.0000,8.6700,9.6100,7.4900,2024-05-29T11:31:17.499649,8.8000,2,8.66,
237,2024-05-29,2907,SSHL,Shiva Shree Hydropower Ltd,172.2000,172.2000,165.0000,,19780,3326033.0000,168.9000,222.3000,133.0000,2024-05-29T12:22:26.301888,168.7000,75,168.15,
238,2024-05-29,2917,CGH,Chandragiri Hills Limited,897.6000,925.0000,890.0000,,25631,23377617.7000,880.0000,1520.0000,760.0000,2024-05-29T12:22:47.487614,921.0000,348,912.08,
239,2024-05-29,2934,SHEL,Singati Hydro Energy Limited,166.9000,170.0000,163.7000,,30022,4974898.9000,163.9000,334.0000,143.1000,2024-05-29T12:22:10.548864,165.2000,133,165.70,
240,2024-05-29,2937,SBCF,Sunrise Bluechip Fund,8.3300,8.5000,8.3300,,4400,37084.0000,8.5000,8.5000,7.1300,2024-05-29T12:17:37.195397,8.4900,10,8.42,
241,2024-05-29,4947,PSF,Prabhu Select Fund,8.8400,9.3800,8.8400,,9500,86051.0000,9.0200,9.7900,7.1500,2024-05-29T12:15:42.736653,9.3800,12,9.05,
242,2024-05-29,4949,NIBSF2,NIBL Samriddhi Fund -2,7.9900,8.1400,7.9900,,1800,14538.0000,8.1500,9.4900,6.6000,2024-05-29T12:10:47.971679,8.0100,3,8.07,
243,2024-05-29,4967,NICSF,NIC Asia Select Fund 30,9.3100,9.4900,9.3100,,8100,75951.0000,9.3100,9.6400,7.6500,2024-05-29T12:17:29.358240,9.3100,3,9.37,
244,2024-05-29,5982,SRLI,Sanima Reliance Life Insurance Limited,461.0000,461.0000,446.5000,,1965,886220.7000,455.0000,619.9000,389.0000,2024-05-29T12:23:04.301364,449.5000,98,451.00,
245,2024-05-29,8022,TPC,Terhathum Power Company Limited,520.2000,520.2000,505.1000,,2164,1116018.0000,510.0000,723.0000,301.2000,2024-05-29T12:07:47.939282,515.0000,32,515.71,
246,2024-05-29,8023,MMF1,Mega Mutual Fund -1,7.2600,7.5400,7.2600,,2600,19426.0000,7.4000,8.2900,6.5300,2024-05-29T12:17:15.278792,7.4100,9,7.47,
247,2024-05-29,8024,NBF3,Nabil Balanced Fund-3,7.3600,7.6500,7.3600,,4600,34509.0000,7.5100,8.0400,6.7400,2024-05-29T11:56:25.566653,7.6500,6,7.50,
248,2024-05-29,8025,SPC,Samling Power Company Limited,534.4000,545.0000,519.0000,,1920,1025476.0000,524.0000,766.0000,307.8000,2024-05-29T12:21:27.833876,525.0000,20,534.10,
249,2024-05-29,8031,MBJC,Madhya Bhotekoshi Jalavidyut Company Limited,309.0000,309.0000,301.0000,,4631,1404499.4000,303.0000,376.3000,246.0000,2024-05-29T12:22:36.363082,304.2000,86,303.28,
250,2024-05-29,8032,BNHC,Buddha Bhumi Nepal Hydropower Company Limited,635.1000,635.1000,583.3000,,11853,7142564.4000,648.0000,734.4000,270.1000,2024-05-29T12:20:56.505596,605.2000,117,602.59,
251,2024-05-29,8041,NESDO,NESDO Sambridha Laghubitta Bittiya Sanstha Limited,1924.0000,1924.7000,1856.0000,,285,538251.0000,1887.0000,2232.0000,1418.0000,2024-05-29T12:21:04.093146,1856.0000,15,1888.60,
252,2024-05-29,8055,BHL,Balephi Hydropower Limited,331.5000,334.5000,325.0000,,910,302818.0000,325.0000,394.0000,192.7000,2024-05-29T12:22:58.934370,332.1000,27,332.76,
253,2024-05-29,8063,ULBSL,Upakar Laghubitta Bittiya Sanstha Limited,1800.0000,1811.5000,1766.0000,,679,1209309.0000,1776.0000,2029.0000,944.8000,2024-05-29T12:20:00.143233,1766.0000,13,1781.01,
254,2024-05-29,8076,HHL,Himalayan Hydropower Limited,350.0000,360.0000,348.0000,,7210,2563271.0000,347.0000,420.0000,170.3000,2024-05-29T12:22:12.583981,360.0000,72,355.51,
255,2024-05-29,8099,UHEWA,Upper Hewakhola Hydropower Company Limited,403.0000,403.0000,385.0000,,6095,2413168.2000,396.4000,423.3000,250.8000,2024-05-29T12:21:21.495135,400.0000,40,395.92,
256,2024-05-29,8102,MHL,Mandakini Hydropower Limited,469.2000,486.0000,458.1000,,3297,1544829.8000,469.2000,484.0000,242.1000,2024-05-29T12:22:30.155816,464.0000,47,468.55,
257,2024-05-29,8106,GIBF1,Global IME Balanced Fund-1,9.0600,9.0700,9.0600,,2000,18135.0000,8.9100,9.7000,7.2000,2024-05-29T11:16:48.624929,9.0700,2,9.06,
258,2024-05-29,8111,HIDCLP,Hydorelectricity Investment and Development Company Limited Promoter,100.0000,101.0000,98.6000,,6789,677098.6000,99.2000,118.0000,96.6000,2024-05-29T11:49:22.702660,98.6000,10,99.73,
259,2024-05-29,8117,AVYAN,Aviyan Laghubitta Bittiya Sanstha Limited,860.3000,893.9000,853.0000,,810,708148.0000,860.3000,942.0000,550.0000,2024-05-29T12:20:01.166226,861.2000,24,874.25,
260,2024-05-29,8122,PPL,People's Power Limited,465.0000,472.9000,456.0000,,5949,2752877.4000,458.0000,683.4000,198.1000,2024-05-29T12:17:18.448486,460.1000,100,462.74,
261,2024-05-29,8123,DLBS,Dhaulagiri Laghubitta Bittiya Sanstha Limited,1228.0000,1252.5000,1220.3000,,946,1164948.0000,1228.0000,1544.0000,579.0000,2024-05-29T12:12:04.107769,1220.3000,18,1231.44,
262,2024-05-29,8125,NSIF2,NMB Sulav Investment Fund - 2,9.3400,9.5200,9.3400,,825,7723.5000,9.5300,9.9900,7.9100,2024-05-29T11:58:47.066885,9.5200,4,9.36,
263,2024-05-29,8126,SIKLES,Sikles Hydropower Limited,516.1000,536.9000,516.1000,,1219,638439.0000,516.1000,578.0000,315.0000,2024-05-29T12:22:19.106462,516.5000,19,523.73,
264,2024-05-29,8132,SHLB,Shrijanshil Laghubitta Bittiya Sanstha Limited,1770.0000,1839.0000,1749.3000,,715,1274758.0000,1770.0000,1930.0000,777.0000,2024-05-29T12:03:49.333500,1755.0000,18,1782.87,
265,2024-05-29,9139,SAGF,Sanima Growth Fund,9.0000,9.0000,8.8200,,1100,9882.0000,8.8900,9.9900,7.3100,2024-05-29T11:43:24.880062,8.8200,4,8.98,
266,2024-05-29,9147,SPL,Shuvam Power Limited,714.0000,728.0000,696.3000,,930,657477.0000,700.0000,1073.3000,528.4000,2024-05-29T12:18:39.041089,701.0000,24,706.96,
267,2024-05-29,9148,SMH,Super Mai Hydropower Limited,697.6000,710.0000,690.0000,,1095,771480.0000,684.0000,785.0000,485.0000,2024-05-29T12:11:39.227608,690.0000,26,704.54,
268,2024-05-29,9158,MHCL,Molung Hydropower Company Limited,396.0000,396.0000,389.0000,,4662,1828080.7000,389.0000,637.0000,158.3000,2024-05-29T12:20:58.975500,389.0000,44,392.12,
269,2024-05-29,9159,SMJC,Sagarmatha Jalabidhyut Company Limited,375.0000,381.9000,367.1000,,8915,3312981.0000,370.0000,449.0000,215.0000,2024-05-29T12:21:36.894984,375.4000,88,371.61,
270,2024-05-29,9166,MAKAR,Makar Jitumaya Suri Hydropower Limited,368.0000,385.0000,363.0000,,14095,5280410.5000,374.9000,454.0000,213.1000,2024-05-29T12:20:51.347725,384.0000,107,374.63,
271,2024-05-29,9171,BEDC,Bhugol Energy Development Company Limited,383.0000,385.0000,376.0000,,6195,2372059.0000,375.5000,412.9000,170.0000,2024-05-29T12:22:25.481955,382.1000,72,382.89,
272,2024-05-29,9173,CITY,City Hotel Limited,669.1000,692.0000,659.0000,,22441,15157204.7000,656.0000,782.5000,111.1000,2024-05-29T12:23:04.767512,690.3000,260,675.42,
273,2024-05-29,9176,IHL,Ingwa Hydropower Limited,400.0000,407.0000,393.0000,,6165,2475187.5000,395.9000,429.0000,200.2000,2024-05-29T12:22:37.417319,402.1000,63,401.49,
274,2024-05-29,9179,MEL,Modi Energy Limited,227.0000,231.5000,227.0000,,11610,2653482.0000,227.0000,275.4000,149.0000,2024-05-29T12:22:58.028280,230.0000,122,228.55,
275,2024-05-29,9181,RAWA,Rawa Energy Development Limited,507.0000,507.0000,496.0000,,5980,2984452.4000,497.8000,552.0000,249.3000,2024-05-29T12:19:42.072606,500.0000,35,499.07,
276,2024-05-29,9182,SIGS3,Siddhartha Investment Growth Scheme 3,9.0000,9.2000,9.0000,,18010,164204.2000,9.0200,10.0000,7.8600,2024-05-29T11:58:05.880355,9.0400,9,9.11,
277,2024-05-29,9191,C30MF,Citizens Super 30 Mutual Fund,9.0000,9.0000,9.0000,,200,1800.0000,9.1800,10.0000,7.6100,2024-05-29T11:45:31.023166,9.0000,2,9.00,
278,2024-05-29,9193,GCIL,Ghorahi Cement Industry Limited,514.0000,514.0000,496.5000,,27049,13561337.5000,504.0000,614.0000,363.1000,2024-05-29T12:22:24.647347,501.9000,231,501.36,
279,2024-05-29,9194,TSHL,Three Star Hydropower Limited,515.1000,521.0000,511.1000,,2190,1135483.5000,514.4000,655.0000,227.7000,2024-05-29T12:19:18.265197,520.0000,28,518.48,
280,2024-05-29,9196,KBSH,Kutheli Bukhari Small Hydropower Limited,1150.0000,1150.0000,1025.0000,,60,64788.0000,1130.0000,1210.0000,479.0000,2024-05-29T12:18:51.650784,1025.0000,6,1079.80,
281,2024-05-29,9208,ULHC,Upper Lohore Khola Hydropower Company Limited,336.6000,363.0000,331.0000,,136743,49084065.0000,330.0000,384.0000,217.1000,2024-05-29T12:22:09.694409,363.0000,424,358.95,
282,2024-05-29,9212,MANDU,Mandu Hydropower Limited,863.0000,880.0000,860.0000,,3450,2976280.0000,848.0000,1070.0000,373.2000,2024-05-29T12:16:53.241059,874.0000,46,862.68,
283,2024-05-29,9214,BGWT,Bhagawati Hydropower Development Company Limited,704.0000,759.2000,700.0000,,42848,31433394.0000,690.2000,776.0000,352.0000,2024-05-29T12:23:06.692276,755.0000,294,733.60,
284,2024-05-29,9216,SONA,Sonapur Minerals And Oil Limited,470.2000,479.0000,461.0000,,57062,26534198.6000,461.0000,575.0000,230.0000,2024-05-29T12:21:59.691866,461.5000,385,465.00,
285,2024-05-29,9232,CKHL,Chirkhwa Hydropower Limited ,556.0000,561.0000,542.1000,,3865,2119401.0000,553.0000,686.8000,300.0000,2024-05-29T12:14:54.437074,544.0000,56,548.35,
286,2024-05-29,9233,NWCL,Nepal Warehousing Company Limited ,807.8000,871.2000,800.0000,,64882,55084765.1000,792.0000,996.0000,208.8000,2024-05-29T12:23:01.932760,865.0000,792,848.99,
287,2024-05-29,9234,HRL,Himalayan Reinsurance Limited,588.0000,596.0000,585.0000,,19104,11256161.7000,585.1000,731.0000,309.2000,2024-05-29T12:22:51.262663,589.0000,471,589.20,
288,2024-05-29,9243,NIMBD90,10% NIMB Debenture 2090,1055.0000,1055.0000,1045.0000,,30,31370.0000,1055.0000,1081.0000,999.6000,2024-05-29T12:05:36.013428,1045.0000,2,1045.66,
